username,password,firstname,lastname,email
adilson.pinheiro@inspirar.com.br,Adilson123@,Adilson,Pinheiro,adilson.pinheiro@inspirar.com.br
adrianaataide413@gmail.com,Adriana123@,Adriana,Ataide De Oliveira,adrianaataide413@gmail.com
adriana@opet.com.br,Adriana123@,Adriana,Karam,adriana@opet.com.br
alberto.peixoto@mphu.uniube.br,Alberto123@,Alberto,Borges Peixoto,alberto.peixoto@mphu.uniube.br
ducolaco@hotmail.com,Aldo123@,Aldo,Matos,ducolaco@hotmail.com
martinsalexan@gmail.com,Alexandra123@,Alexandra,Do Nascimento Martins,martinsalexan@gmail.com
alexandredungas@gmail.com,Alexandre123@,Alexandre,Dungas,alexandredungas@gmail.com
moreno.alexandre@hotmail.com,Alexandre123@,Alexandre,Moreno,moreno.alexandre@hotmail.com